Location, age ,gender,color
United States,26,Male,Blue
Philippines,22,Female,Red
United States,25,Female,Red
United States,35,Male,Black
United States,27,Female,Blue
United States,26,Female,Black
United States,25,Female,Purple
United States,27,Female,Blue
United States,26,Female,Orange
United States,24,Female,White
United States,18,Female,Green
United States,22,Male,Green
United States,19,Male,Blue
United States,26,Male,Blue
United States,28,Male,Blue
United States,21,Female,Blue
United States,23,Male,Brown
Canada,22,Male,Blue
United States,23,Female,Blue
United States,38,Male,Black
United States,20,Male,Blue
United States,24,Male,Blue
Cuba,33,Female,Blue
United States,22,Female,Blue
United States,22,Male,Blue
United States,25,Female,Purple
United States,26,Male,White
Canada,21,Male,Black
United States,26,Male,Red
France,40,Female,Purple
United States,32,Female,Purple
United States,15,Female,Green
United States,22,Male,Yellow
United States,24,Male,Green
United States,20,Female,Blue
United States,33,Female,Blue
Korea,27,Male,Blue
Brazil,20,Female,Orange
United States,28,Female,Purple
United States,17,Male,Blue
United States,20,Male,Red
United States,21,Male,Green
United States,22,Male,Blue
United States,27,Male,Orange
United States,19,Female,Purple
United States,20,Female,Purple
United Kingdom,20,Female,Red
United States,21,Female,Purple
China,22,Female,Purple
United States,23,Female,Purple
United States,22,Female,Green
United States,24,Male,Blue
United States,29,Male,Blue
United States,26,Male,Grey
United States,21,Female,Red
United States,21,Female,Purple
United States,20,Male,Green
United States,20,Male,Blue
Mexico,20,Female,Red
United States,24,Male,Blue
United States,20,Female,Red
United States,22,Male,Black
United States,21,Female,Blue
United States,20,Female,Blue
United States,23,Female,Green
United States,23,Female,Purple
United States,22,Female,Blue
United States,24,Female,Blue
Korea,20,Female,Blue
United States,22,Female,Green
United States,20,Female,Blue
United States,18,Male,Green
Philippines,28,Male,Green
United States,19,Female,Purple
United States,19,Male,White
United States,21,Female,Red
United States,20,Male,Blue
United States,18,Male,Grey
Mexico,49,Female,Blue
Romania,23,Female,Brown
United States,20,Female,Black
United States,24,Male,Blue
United States,32,Male,Black
Vietnam,60,Male,Grey
United States,28,Male,Blue
United States,32,Female,Green
Iceland,20,Female,Purple
United States,21,Female,Purple
United States,22,Female,Blue
United States,21,Female,Blue
United States,34,Male,Blue
United States,21,Female,Purple
United States,22,Female,Blue
United States,19,Female,Green
United States,26,Female,Blue
United States,40,Female,Black
United States,21,Female,Blue
United States,22,Female,Green
United States,22,Female,Blue
United States,19,Male,Blue
Hong Kong,26,Male,Orange
Ireland,38,Male,Black
Hong Kong,24,Female,Red
Hong Kong,22,Female,Grey
United States,28,Male,Blue
United States,26,Male,Blue
Netherlands,20,Male,Blue
Hong Kong,21,Female,Orange
Hong Kong,25,Female,Brown
Hong Kong,24,Male,Blue
United States,21,Female,Green
United States,43,Female,Purple
United States,31,Female,Green
United States,31,Male,Blue
United States,34,Male,Blue
United States,22,Male,Green
United States,55,Male,Blue
Netherlands,22,Female,Blue
Colombia,23,Female,Blue
Gambia,25,Male,Blue
United States,70,Female,Blue
United States,20,Male,Black
United States,34,Male,Blue
United States,47,Female,Green
Switzerland,37,Female,Blue
United States,26,Female,Orange
United States,37,Female,Purple
United States,31,Female,Green
United States,32,Female,Purple
United States,34,Female,Green
United States,54,Female,Blue
United States,21,Female,Brown
United States,49,Female,Yellow
Chile,29,Female,Purple
United States,41,Female,Blue
United States,40,Male,Blue
United States,50,Female,Blue
United States,50,Female,Purple
United States,27,Female,Blue
United States,42,Female,Yellow
United States,27,Female,Green
United States,35,Female,Purple
Germany,25,Male,Orange
United States,33,Male,Blue
United States,33,Female,Blue
United States,45,Female,Blue
United States,55,Female,Red
United States,30,Female,Blue
United States,28,Female,Green
United States,50,Male,Blue
United States,33,Female,Green
United States,21,Male,Red
United States,29,Male,Green
United States,43,Female,Black
United States,46,Female,Purple
United States,29,Female,Blue
United States,53,Male,Blue
Germany,25,Male,Green
United States,22,Female,Blue
Hong Kong,26,Male,Brown
Germany,25,Male,Blue
Germany,25,Male,Red
United States,45,Female,Blue
United States,39,Male,Blue
United States,60,Female,Blue
United States,45,Female,Blue
United States,48,Female,Red
United States,46,Female,Red
United States,36,Male,Blue
Mexico,40,Female,Purple
United States,54,Female,Blue
United States,45,Female,Yellow
Philippines,30,Female,Blue
Mexico,35,Female,Purple
United States,45,Female,Green
United States,20,Female,Red
United States,22,Female,Black
United States,55,Female,Black
United States,58,Female,Yellow
United States,36,Female,Blue
United States,26,Female,Blue
United States,78,Male,Blue
Germany,46,Female,Blue
United States,81,Female,Blue
United Kingdom,71,Male,Blue
United States,45,Female,Yellow
United States,57,Female,Purple
United States,67,Female,Orange
United States,46,Female,Purple
United States,28,Female,Purple
United States,35,Female,Orange
United States,25,Male,Blue
United States,29,Female,Blue
United States,24,Male,Red
United States,23,Female,Blue
United States,62,Male,Blue
Mexico,35,Female,Purple
United States,47,Male,Blue
Mexico,43,Male,Blue
United States,73,Female,White
United States,28,Female,Orange
United States,44,Male,Green
Philippines,24,Female,Black
United States,34,Female,Green
Hungary,62,Female,Purple
United States,31,Female,Purple
Netherlands,67,Female,Purple
United States,35,Female,Purple
United States,20,Female,Red
United States,21,Male,Blue
Canada,22,Female,Blue
United States,21,Female,Brown
United States,17,Male,Orange
United States,17,Male,Blue
United States,21,Male,Blue
United States,44,Female,Green
United States,20,Female,Blue
Canada,24,Female,Black
United States,20,Male,Blue
United States,20,Male,Blue
United States,17,Female,Blue
United States,24,Female,Blue
United States,20,Male,Black
United States,24,Male,Green
United States,21,Male,Blue
United States,16,Male,Blue
United States,18,Male,Red
United States,27,Male,Green
United States,24,Female,Green
United States,21,Male,Blue
Germany,25,Female,Blue
Canada,19,Female,Black
