Age,Gender,Social Class,Job,Color,Font,Position
seniors,female,a,enviroment,blue,complex,up
youth,female,c,education,blue,simple,up
adults,male,a,mass communication,orange,elegant,left
adults,female,a,enviroment,black,simple,down
seniors,male,c,sales,yellow,simple,left
youth,male,a,police,pink,elegant,up
youth,female,a,police,purple,complex,left
children,female,a,weather,pink,elegant,up
seniors,male,c,weather,yellow,simple,right
seniors,female,c,computer science,orange,simple,down
adults,female,c,police,green,simple,up
children,male,a,police,purple,complex,down
children,male,c,police,black,complex,down
children,female,a,education,white,complex,left
adults,female,b,restaurants,black,simple,up
youth,female,b,enviroment,purple,elegant,left
seniors,female,a,police,green,simple,right
seniors,male,b,enviroment,green,simple,left
seniors,female,b,sales,blue,cartoonish,left
youth,female,c,sales,pink,complex,left
adults,male,b,mechanic,orange,cartoonish,down
children,male,b,restaurants,blue,simple,up
adults,male,a,police,brown,simple,down
seniors,female,c,cinema,black,cartoonish,right
seniors,male,c,engineer,brown,cartoonish,down
youth,male,c,engineer,purple,elegant,down
children,male,c,weather,blue,elegant,up
seniors,male,c,mechanic,white,elegant,down
youth,male,a,engineer,green,simple,right
youth,male,b,weather,black,cartoonish,right
children,female,c,engineer,black,complex,right
youth,female,c,computer science,pink,cartoonish,left
seniors,male,c,enviroment,orange,cartoonish,up
seniors,female,c,sales,white,elegant,up
adults,female,c,engineer,red,cartoonish,right
children,female,a,education,purple,simple,right
children,male,c,restaurants,blue,complex,up
children,male,a,mechanic,green,complex,right
children,female,a,education,brown,elegant,left
children,male,b,engineer,green,cartoonish,right
children,male,c,enviroment,yellow,simple,right
adults,female,b,cinema,brown,complex,down
youth,female,c,police,brown,complex,down
seniors,male,a,cinema,blue,simple,up
youth,female,b,education,black,cartoonish,up
children,female,c,police,white,cartoonish,up
children,female,b,computer science,blue,complex,right
youth,female,b,cinema,orange,cartoonish,left
seniors,female,b,mass communication,blue,cartoonish,up
youth,female,b,engineer,green,elegant,left
youth,female,c,education,pink,elegant,left
children,female,a,cinema,orange,cartoonish,left
children,male,a,weather,yellow,elegant,right
youth,female,a,cinema,blue,complex,down
adults,female,b,education,orange,complex,right
adults,female,b,engineer,yellow,complex,left
seniors,male,b,enviroment,red,simple,down
adults,female,b,enviroment,pink,complex,down
children,male,c,computer science,red,complex,up
adults,male,c,engineer,blue,simple,left
seniors,female,b,mass communication,blue,simple,left
children,male,b,mechanic,orange,elegant,down
seniors,female,b,police,brown,elegant,left
youth,male,b,mechanic,green,complex,up
adults,male,c,mass communication,yellow,cartoonish,up
adults,male,b,education,yellow,elegant,left
seniors,female,b,mass communication,white,elegant,up
seniors,male,b,restaurants,white,simple,right
youth,male,a,cinema,orange,complex,left
seniors,male,a,restaurants,brown,simple,left
youth,male,c,weather,black,cartoonish,down
children,male,b,mass communication,blue,cartoonish,up
seniors,female,b,sales,red,simple,right
children,male,c,education,white,cartoonish,left
youth,female,b,medical,pink,cartoonish,right
children,female,c,education,yellow,elegant,up
youth,female,a,sales,brown,elegant,left
adults,male,c,police,black,elegant,up
children,male,b,mass communication,blue,simple,left
children,male,a,police,red,complex,down
youth,female,c,mechanic,red,cartoonish,right
seniors,male,c,engineer,blue,cartoonish,left
children,male,b,sales,green,elegant,left
adults,male,b,medical,blue,elegant,down
children,male,c,enviroment,black,cartoonish,left
adults,male,b,mechanic,yellow,elegant,left
children,female,b,sales,purple,simple,down
seniors,male,c,engineer,brown,cartoonish,right
children,female,a,computer science,brown,cartoonish,left
children,female,a,sales,black,cartoonish,up
seniors,male,a,police,blue,complex,down
youth,female,a,computer science,white,cartoonish,right
children,female,c,enviroment,white,complex,left
youth,female,b,computer science,pink,cartoonish,up
youth,female,c,sales,black,complex,left
seniors,female,c,enviroment,blue,cartoonish,down
youth,female,a,engineer,yellow,complex,up
adults,male,b,education,black,simple,right
seniors,female,a,computer science,pink,cartoonish,right
children,female,a,cinema,purple,complex,down
children,male,b,cinema,blue,elegant,up
children,male,b,mass communication,pink,cartoonish,down
youth,male,b,mechanic,black,simple,right
adults,female,a,enviroment,pink,complex,up
adults,male,c,police,purple,complex,left
children,male,b,mechanic,yellow,cartoonish,down
seniors,male,c,mass communication,purple,complex,left
seniors,female,a,engineer,red,cartoonish,right
seniors,male,b,cinema,pink,cartoonish,down
children,male,c,mechanic,red,cartoonish,down
children,female,b,medical,yellow,simple,right
youth,male,b,engineer,black,simple,left
youth,female,b,police,purple,complex,right
seniors,female,b,engineer,blue,cartoonish,left
adults,female,a,computer science,white,complex,right
seniors,male,c,police,pink,elegant,right
seniors,female,b,mass communication,orange,elegant,left
youth,male,b,enviroment,green,complex,right
youth,female,c,restaurants,white,cartoonish,left
seniors,female,a,computer science,blue,elegant,right
seniors,male,b,police,black,simple,left
adults,male,c,sales,brown,simple,right
adults,female,b,medical,brown,simple,up
seniors,female,c,sales,white,complex,up
children,female,b,restaurants,white,elegant,right
seniors,male,a,restaurants,pink,cartoonish,right
youth,female,a,engineer,black,cartoonish,right
seniors,female,c,enviroment,blue,simple,up
seniors,female,c,police,purple,complex,up
seniors,male,c,engineer,yellow,elegant,down
youth,male,c,police,yellow,simple,left
youth,female,a,medical,purple,cartoonish,down
children,female,a,restaurants,black,cartoonish,right
youth,female,c,mass communication,brown,elegant,up
youth,female,c,education,purple,cartoonish,right
adults,male,c,education,yellow,simple,up
children,female,c,cinema,blue,cartoonish,right
children,male,c,medical,red,complex,left
youth,male,a,computer science,yellow,cartoonish,up
youth,male,c,mass communication,blue,simple,down
youth,female,c,weather,black,cartoonish,up
children,female,c,police,blue,cartoonish,right
adults,female,a,weather,green,cartoonish,up
youth,female,c,cinema,brown,elegant,left
seniors,male,b,weather,black,simple,left
adults,female,c,cinema,purple,elegant,left
adults,female,a,sales,red,cartoonish,up
children,male,a,sales,green,elegant,up
youth,male,b,engineer,purple,complex,down
adults,male,b,sales,green,complex,right
youth,male,c,restaurants,brown,complex,left
children,female,a,cinema,orange,cartoonish,up
adults,female,c,cinema,yellow,simple,down
adults,male,a,engineer,yellow,cartoonish,up
children,male,a,weather,purple,cartoonish,left
seniors,male,c,education,white,cartoonish,right
seniors,male,c,education,blue,complex,down
youth,female,a,mechanic,purple,cartoonish,up
seniors,female,a,computer science,orange,elegant,down
seniors,female,c,cinema,pink,elegant,right
seniors,female,b,mechanic,blue,complex,right
seniors,female,c,police,orange,cartoonish,right
youth,male,b,medical,black,elegant,left
adults,female,a,sales,brown,elegant,down
seniors,male,a,medical,red,elegant,left
youth,male,a,restaurants,purple,cartoonish,up
adults,female,b,education,brown,elegant,down
adults,male,b,mechanic,pink,simple,right
children,male,a,mechanic,yellow,simple,right
youth,female,b,mechanic,red,elegant,left
youth,male,c,cinema,brown,simple,up
adults,male,a,computer science,pink,complex,right
seniors,female,c,medical,brown,complex,down
adults,female,c,computer science,blue,elegant,down
youth,female,a,mechanic,brown,cartoonish,down
children,male,c,cinema,orange,elegant,up
youth,male,a,mass communication,orange,cartoonish,up
youth,female,a,restaurants,yellow,simple,up
children,male,a,weather,green,cartoonish,left
youth,female,c,enviroment,red,simple,right
seniors,female,c,medical,pink,cartoonish,down
youth,female,c,enviroment,green,cartoonish,left
adults,male,a,weather,yellow,elegant,down
seniors,male,c,education,blue,elegant,up
adults,male,c,sales,brown,cartoonish,left
adults,male,b,police,green,cartoonish,left
children,male,a,mechanic,brown,simple,left
children,male,a,mass communication,yellow,complex,left
adults,female,a,police,brown,elegant,left
seniors,male,c,computer science,brown,simple,up
seniors,female,b,enviroment,white,cartoonish,left
children,female,b,mechanic,blue,simple,down
adults,female,b,engineer,orange,cartoonish,up
children,female,a,weather,black,elegant,left
seniors,female,c,weather,green,cartoonish,right
adults,female,b,sales,blue,cartoonish,up
adults,female,b,weather,purple,simple,up
youth,female,c,computer science,red,simple,right
adults,male,a,sales,brown,simple,left
children,female,a,medical,black,complex,left
adults,male,b,restaurants,brown,cartoonish,right
seniors,female,a,medical,red,cartoonish,up
seniors,male,a,sales,pink,cartoonish,up
seniors,female,b,police,brown,complex,down
seniors,male,a,police,orange,elegant,left
seniors,male,a,cinema,white,complex,left
adults,female,b,weather,black,complex,down
seniors,male,c,weather,purple,complex,left
youth,female,c,medical,red,simple,left
adults,male,a,restaurants,brown,cartoonish,down
seniors,male,a,mass communication,brown,simple,up
youth,female,a,medical,purple,complex,left
seniors,female,c,sales,pink,complex,left
adults,female,c,police,blue,simple,left
youth,female,c,mechanic,black,elegant,right
youth,male,c,mass communication,brown,cartoonish,up
seniors,female,a,education,brown,complex,left
seniors,female,c,mass communication,pink,complex,up
youth,male,a,restaurants,pink,complex,up
youth,male,b,mass communication,purple,elegant,up
adults,female,b,cinema,green,complex,up
adults,female,c,mass communication,green,complex,down
adults,female,a,sales,green,simple,down
youth,female,a,enviroment,white,elegant,left
seniors,male,a,police,black,cartoonish,up
children,female,a,restaurants,orange,elegant,down
children,male,c,cinema,pink,simple,down
seniors,male,b,medical,white,cartoonish,up
youth,male,a,computer science,yellow,cartoonish,up
children,male,b,computer science,white,simple,up
youth,female,c,weather,pink,cartoonish,left
adults,male,a,medical,green,cartoonish,left
adults,male,c,engineer,black,simple,down
seniors,male,a,education,black,simple,left
seniors,female,c,engineer,green,elegant,up
seniors,male,a,education,red,elegant,right
youth,female,c,medical,brown,complex,right
seniors,male,a,mass communication,green,cartoonish,up
seniors,female,a,mass communication,black,elegant,right
seniors,female,c,education,black,elegant,up
youth,female,c,sales,red,simple,up
children,female,a,cinema,black,cartoonish,down
adults,male,c,restaurants,blue,simple,right
youth,male,b,medical,green,cartoonish,down
seniors,male,a,police,purple,simple,right
seniors,male,a,education,purple,elegant,right
children,female,a,sales,purple,complex,up
adults,female,b,cinema,pink,elegant,right
youth,male,a,police,brown,cartoonish,up
youth,female,b,enviroment,purple,cartoonish,up
adults,female,a,restaurants,red,complex,right
adults,male,a,medical,white,simple,left
youth,female,c,sales,green,cartoonish,down
youth,female,b,mechanic,purple,elegant,down
children,male,c,mechanic,red,elegant,down
youth,female,b,mass communication,pink,cartoonish,down
adults,female,a,police,red,simple,right
children,female,a,education,pink,elegant,right
children,male,b,computer science,black,complex,right
adults,male,b,education,red,cartoonish,left
youth,male,c,computer science,red,cartoonish,left
adults,female,b,mass communication,pink,complex,right
adults,female,b,medical,pink,complex,right
adults,male,a,education,white,elegant,down
seniors,female,a,mechanic,yellow,elegant,right
adults,male,b,education,pink,complex,right
children,female,b,mechanic,pink,cartoonish,down
adults,female,c,sales,red,cartoonish,right
seniors,male,a,sales,orange,elegant,right
seniors,female,c,police,black,complex,up
seniors,female,a,cinema,black,cartoonish,up
children,male,a,engineer,red,cartoonish,right
seniors,male,a,sales,pink,elegant,left
children,female,b,enviroment,red,simple,down
seniors,female,c,enviroment,white,simple,left
seniors,male,a,engineer,brown,elegant,down
youth,male,a,cinema,purple,complex,up
children,female,b,police,green,complex,up
children,male,b,medical,green,simple,right
adults,female,b,restaurants,white,elegant,up
seniors,male,b,engineer,pink,complex,left
children,male,a,mechanic,yellow,cartoonish,up
children,male,a,medical,white,complex,left
adults,male,c,computer science,white,simple,down
children,male,a,mechanic,brown,cartoonish,left
adults,female,a,enviroment,purple,complex,up
youth,female,c,engineer,pink,cartoonish,left
adults,female,c,police,yellow,cartoonish,right
youth,male,b,enviroment,red,complex,up
seniors,male,b,mechanic,purple,cartoonish,up
adults,male,a,weather,black,cartoonish,left
adults,male,a,mass communication,pink,simple,right
seniors,male,b,sales,green,cartoonish,down
seniors,female,c,computer science,white,elegant,up
adults,female,c,cinema,black,complex,down
seniors,male,b,cinema,red,cartoonish,right
adults,male,b,enviroment,orange,cartoonish,up
seniors,female,a,weather,black,elegant,down
seniors,male,a,weather,orange,complex,up
children,female,c,computer science,brown,complex,left
seniors,male,a,engineer,blue,simple,left
children,female,b,enviroment,red,complex,up
adults,female,c,enviroment,red,cartoonish,right
youth,female,c,weather,yellow,simple,left
seniors,male,c,mechanic,black,elegant,down
adults,male,b,weather,black,complex,left
seniors,male,b,engineer,pink,complex,left
children,female,b,weather,orange,complex,left
seniors,female,c,restaurants,pink,simple,up
adults,female,b,education,pink,simple,left
seniors,male,a,education,brown,elegant,right
seniors,female,c,enviroment,pink,complex,down
adults,female,b,computer science,red,elegant,up
children,male,c,cinema,purple,cartoonish,left
youth,female,c,engineer,purple,complex,right
youth,female,b,cinema,black,cartoonish,up
youth,male,b,engineer,brown,cartoonish,down
adults,male,c,computer science,red,cartoonish,up
children,male,c,restaurants,white,simple,up
seniors,male,b,police,green,complex,left
children,female,c,cinema,red,cartoonish,right
seniors,female,a,engineer,white,cartoonish,up
adults,male,c,sales,blue,elegant,up
adults,female,b,engineer,red,simple,up
adults,male,b,mass communication,black,complex,right
seniors,female,a,cinema,pink,complex,right
youth,female,a,medical,brown,simple,right
adults,male,b,enviroment,black,elegant,left
youth,female,b,police,blue,complex,up
youth,male,c,medical,black,elegant,left
seniors,female,c,police,brown,elegant,up
seniors,female,b,police,orange,complex,down
seniors,male,a,weather,brown,elegant,left
adults,male,a,restaurants,green,simple,down
adults,female,b,police,brown,complex,right
seniors,female,c,cinema,yellow,elegant,left
adults,female,c,education,yellow,cartoonish,left
adults,female,b,weather,red,elegant,down
seniors,male,c,police,orange,elegant,down
seniors,female,a,enviroment,orange,cartoonish,right
seniors,female,b,education,brown,simple,left
children,male,c,weather,black,simple,right
adults,female,a,computer science,pink,elegant,up
seniors,female,b,engineer,purple,complex,left
adults,female,c,mechanic,pink,simple,left
seniors,male,c,enviroment,green,cartoonish,right
youth,male,b,police,green,elegant,down
youth,female,c,medical,green,cartoonish,down
children,male,a,mass communication,brown,elegant,right
youth,female,a,education,orange,simple,down
adults,male,b,medical,red,elegant,down
youth,female,c,mechanic,yellow,elegant,up
youth,male,c,restaurants,yellow,cartoonish,left
adults,female,a,computer science,red,complex,left
adults,female,a,police,purple,simple,right
adults,female,c,computer science,black,simple,left
children,male,c,sales,green,cartoonish,left
seniors,female,c,mass communication,black,elegant,down
adults,male,a,education,pink,complex,right
youth,male,a,engineer,orange,complex,up
youth,female,a,restaurants,orange,cartoonish,up
seniors,female,a,mechanic,black,elegant,down
seniors,female,b,enviroment,brown,simple,up
adults,female,a,computer science,green,elegant,right
seniors,male,c,weather,blue,elegant,left
youth,male,b,enviroment,black,elegant,left
adults,female,c,mechanic,blue,complex,right
children,male,b,mechanic,brown,elegant,left
children,male,a,weather,purple,complex,down
youth,male,c,education,blue,elegant,down
seniors,male,c,weather,white,complex,left
seniors,female,a,police,red,elegant,up
seniors,female,c,education,green,cartoonish,down
youth,female,b,computer science,white,complex,down
seniors,male,b,medical,orange,complex,up
adults,male,b,mass communication,pink,cartoonish,up
seniors,male,a,mass communication,red,elegant,down
adults,female,a,weather,green,cartoonish,up
adults,female,b,computer science,brown,complex,down
seniors,female,c,weather,purple,complex,up
adults,female,b,computer science,blue,cartoonish,left
seniors,female,c,mass communication,brown,complex,left
adults,male,c,education,yellow,complex,right
adults,female,a,mass communication,red,complex,down
youth,female,c,medical,green,cartoonish,down
seniors,male,c,mass communication,brown,complex,up
children,female,a,mechanic,green,complex,right
seniors,male,b,restaurants,white,elegant,right
seniors,male,c,cinema,red,complex,right
children,female,a,cinema,yellow,simple,left
adults,female,b,mass communication,white,cartoonish,up
youth,female,c,mass communication,black,complex,right
seniors,female,b,weather,orange,complex,down
seniors,female,a,mass communication,yellow,cartoonish,down
seniors,male,a,sales,black,simple,up
seniors,male,a,police,black,simple,down
children,male,a,sales,blue,elegant,left
youth,male,a,computer science,green,cartoonish,right
seniors,male,c,enviroment,green,simple,right
children,male,a,medical,yellow,simple,left
seniors,male,b,restaurants,pink,simple,down
children,male,c,mechanic,white,cartoonish,right
children,female,c,mechanic,orange,elegant,left
adults,female,b,computer science,green,elegant,up
youth,male,b,computer science,red,elegant,right
adults,female,c,weather,orange,cartoonish,right
children,male,c,restaurants,brown,elegant,down
children,female,a,enviroment,green,elegant,down
adults,female,b,cinema,white,simple,right
children,male,a,medical,brown,cartoonish,up
children,male,c,mass communication,red,cartoonish,down
adults,female,c,enviroment,purple,elegant,down
adults,female,c,cinema,yellow,complex,right
seniors,female,b,mass communication,pink,complex,down
adults,male,b,computer science,red,elegant,left
children,male,b,mechanic,yellow,complex,down
youth,male,b,education,pink,elegant,down
youth,male,a,enviroment,yellow,complex,up
youth,male,a,police,blue,complex,down
seniors,female,b,cinema,orange,elegant,up
children,male,a,medical,purple,elegant,down
seniors,male,c,mass communication,brown,simple,left
adults,female,c,cinema,orange,complex,right
children,male,a,cinema,white,simple,left
adults,male,a,medical,black,simple,left
youth,female,b,cinema,black,complex,left
adults,female,b,medical,brown,cartoonish,left
seniors,female,c,sales,brown,complex,down
youth,male,c,computer science,yellow,elegant,right
children,male,b,medical,orange,cartoonish,up
adults,female,a,computer science,green,complex,down
seniors,male,c,mass communication,pink,simple,left
adults,male,b,cinema,red,simple,left
children,male,a,computer science,red,elegant,right
adults,female,c,education,purple,complex,right
youth,female,c,computer science,brown,elegant,down
seniors,female,c,computer science,white,cartoonish,up
adults,female,c,enviroment,blue,simple,down
seniors,female,b,mass communication,purple,complex,down
youth,female,b,cinema,red,elegant,up
youth,female,b,engineer,purple,complex,down
youth,male,c,enviroment,green,simple,down
adults,female,c,enviroment,red,simple,right
children,female,a,computer science,purple,cartoonish,down
youth,male,a,sales,yellow,elegant,up
seniors,female,a,education,green,complex,up
seniors,female,c,education,pink,elegant,left
youth,male,b,cinema,orange,complex,left
adults,female,b,sales,red,cartoonish,left
youth,female,c,computer science,pink,elegant,left
youth,female,c,enviroment,red,simple,left
youth,male,b,education,orange,complex,left
youth,female,c,police,pink,cartoonish,left
adults,female,c,computer science,red,elegant,down
youth,male,c,police,purple,cartoonish,right
adults,female,a,mass communication,blue,cartoonish,up
youth,male,b,education,brown,cartoonish,right
youth,female,a,mechanic,orange,cartoonish,left
children,female,b,engineer,black,simple,right
adults,male,c,cinema,red,cartoonish,right
children,male,a,enviroment,red,cartoonish,up
youth,male,b,sales,yellow,simple,right
children,male,b,education,yellow,complex,left
children,female,b,police,white,elegant,left
adults,female,a,weather,brown,elegant,down
children,male,c,enviroment,black,simple,down
seniors,female,b,education,black,elegant,up
seniors,male,c,mechanic,white,simple,right
adults,female,b,cinema,green,simple,left
adults,male,c,enviroment,red,elegant,up
adults,female,a,mass communication,brown,elegant,down
seniors,female,b,sales,red,elegant,left
adults,male,a,medical,white,elegant,up
children,female,c,mass communication,pink,simple,down
adults,male,b,weather,pink,complex,up
youth,female,c,cinema,green,cartoonish,up
youth,female,a,enviroment,white,complex,up
seniors,male,c,enviroment,black,cartoonish,left
youth,female,c,computer science,red,cartoonish,right
youth,male,c,mass communication,purple,elegant,right
adults,female,a,computer science,black,elegant,left
youth,female,b,sales,green,complex,down
children,female,c,cinema,red,cartoonish,left
children,male,c,computer science,blue,elegant,up
adults,male,c,police,red,elegant,down
children,female,b,mass communication,purple,elegant,down
seniors,female,c,enviroment,white,complex,up
children,female,a,sales,green,elegant,left
youth,female,c,computer science,brown,simple,left
youth,female,b,weather,blue,cartoonish,up
adults,male,b,computer science,orange,complex,down
children,male,a,cinema,green,cartoonish,left
children,male,c,police,blue,simple,right
youth,female,b,enviroment,brown,elegant,down
youth,female,a,mass communication,black,elegant,right
youth,female,b,restaurants,yellow,complex,up
youth,male,c,mass communication,green,complex,down
youth,female,b,mass communication,white,simple,right
youth,male,a,weather,white,cartoonish,down
adults,male,b,engineer,brown,elegant,up
seniors,female,a,education,white,cartoonish,left
youth,male,c,mass communication,yellow,complex,up
youth,male,a,cinema,pink,cartoonish,up
adults,female,b,computer science,white,complex,up
seniors,male,b,police,yellow,cartoonish,down
seniors,female,c,engineer,green,complex,right
youth,male,a,police,red,complex,right
seniors,female,c,mechanic,pink,complex,up
youth,male,c,computer science,brown,elegant,down
seniors,female,c,enviroment,green,elegant,up
adults,female,c,education,orange,cartoonish,right
youth,male,a,medical,green,complex,right
youth,male,a,enviroment,yellow,elegant,left
adults,male,c,sales,red,elegant,left
youth,male,c,engineer,black,complex,down
youth,male,b,weather,black,complex,right
seniors,female,b,education,blue,cartoonish,down
children,female,b,computer science,pink,simple,right
youth,male,c,mechanic,black,complex,right
children,female,a,mass communication,green,simple,up
adults,female,b,cinema,brown,simple,up
children,female,a,mass communication,black,complex,down
seniors,male,b,mechanic,white,simple,down
adults,male,c,sales,white,complex,down
youth,female,c,cinema,yellow,complex,down
adults,female,c,mass communication,brown,elegant,down
adults,female,c,medical,red,cartoonish,up
youth,male,b,computer science,white,simple,left
seniors,female,a,weather,white,cartoonish,left
adults,female,b,cinema,green,complex,down
seniors,female,c,enviroment,purple,cartoonish,right
children,male,a,enviroment,brown,simple,right
youth,female,b,enviroment,red,simple,down
children,male,a,enviroment,red,elegant,up
seniors,male,a,engineer,orange,complex,left
adults,female,a,weather,red,cartoonish,left
seniors,female,c,restaurants,black,elegant,right
youth,male,b,enviroment,white,simple,left
youth,male,c,medical,red,cartoonish,down
adults,male,c,mass communication,orange,simple,down
adults,female,a,medical,yellow,complex,up
youth,male,c,medical,black,elegant,down
children,male,a,weather,yellow,simple,up
adults,female,b,police,red,elegant,right
children,male,b,computer science,purple,elegant,down
adults,male,b,education,orange,cartoonish,down
youth,male,b,engineer,yellow,cartoonish,down
children,male,b,computer science,blue,elegant,up
youth,male,c,enviroment,black,elegant,up
youth,female,a,enviroment,blue,elegant,left
adults,male,a,cinema,orange,elegant,left
seniors,male,b,police,white,cartoonish,right
children,female,c,weather,blue,simple,up
seniors,female,c,restaurants,white,simple,down
seniors,male,a,weather,blue,cartoonish,left
seniors,female,a,mass communication,pink,complex,right
youth,female,b,enviroment,yellow,cartoonish,up
seniors,female,a,mass communication,brown,elegant,right
seniors,male,c,restaurants,blue,simple,up
adults,male,c,restaurants,purple,elegant,left
children,male,c,police,purple,complex,right
children,female,c,police,red,cartoonish,down
children,male,a,medical,yellow,cartoonish,up
children,male,c,cinema,orange,simple,right
seniors,male,c,weather,white,complex,left
children,male,a,restaurants,brown,complex,up
adults,female,b,computer science,white,simple,right
youth,male,c,cinema,black,elegant,left
youth,female,b,weather,red,complex,left
youth,female,c,mechanic,orange,simple,left
youth,male,c,enviroment,yellow,simple,right
seniors,male,c,engineer,brown,complex,left
adults,male,a,weather,black,complex,right
adults,male,b,weather,brown,elegant,up
adults,female,c,enviroment,white,elegant,up
youth,male,a,sales,purple,elegant,up
seniors,female,a,cinema,blue,elegant,right
seniors,female,a,cinema,red,complex,down
children,male,c,enviroment,purple,simple,up
adults,male,b,education,white,cartoonish,down
adults,male,b,computer science,pink,simple,up
youth,female,a,enviroment,brown,simple,left
youth,female,b,weather,purple,complex,down
youth,female,a,mechanic,black,cartoonish,up
children,female,b,engineer,brown,cartoonish,down
children,male,a,enviroment,pink,simple,up
seniors,male,a,enviroment,pink,elegant,left
children,male,c,police,white,complex,down
adults,female,a,restaurants,white,elegant,down
youth,male,b,education,orange,elegant,up
adults,male,c,medical,pink,elegant,down
adults,male,c,sales,green,cartoonish,right
children,female,b,mass communication,green,elegant,down
adults,male,b,enviroment,yellow,elegant,down
seniors,female,c,computer science,black,elegant,left
children,male,b,cinema,black,cartoonish,right
children,male,c,enviroment,blue,elegant,up
youth,female,a,cinema,blue,elegant,up
adults,female,c,sales,brown,simple,right
children,male,c,medical,purple,cartoonish,right
adults,female,c,mass communication,black,cartoonish,up
seniors,female,b,cinema,blue,simple,left
children,female,a,education,orange,elegant,right
seniors,female,b,engineer,red,simple,up
adults,female,b,computer science,pink,elegant,left
seniors,male,b,education,brown,simple,up
youth,female,a,engineer,orange,complex,up
adults,female,c,mechanic,green,cartoonish,right
children,female,c,weather,brown,elegant,up
children,female,a,cinema,yellow,simple,up
adults,female,c,cinema,green,complex,right
adults,male,c,engineer,blue,elegant,down
seniors,female,a,computer science,blue,cartoonish,up
adults,male,c,medical,brown,simple,right
adults,male,c,police,pink,cartoonish,left
adults,male,a,police,red,cartoonish,left
youth,female,a,enviroment,brown,simple,down
seniors,female,c,education,green,cartoonish,left
children,female,c,education,pink,elegant,up
adults,female,c,medical,yellow,simple,right
youth,male,b,sales,pink,cartoonish,right
adults,male,a,computer science,purple,complex,right
adults,female,a,medical,white,elegant,up
children,male,a,mass communication,orange,complex,right
seniors,female,c,cinema,green,cartoonish,right
seniors,male,c,computer science,orange,elegant,right
seniors,male,a,enviroment,yellow,complex,right
children,male,b,weather,red,simple,up
children,male,b,weather,black,complex,down
seniors,male,c,sales,blue,cartoonish,left
seniors,female,c,restaurants,pink,cartoonish,up
children,female,c,engineer,pink,elegant,up
seniors,female,a,sales,brown,simple,right
adults,female,b,enviroment,yellow,simple,up
youth,female,b,mass communication,green,cartoonish,left
youth,female,a,restaurants,red,simple,up
youth,male,c,restaurants,red,elegant,up
seniors,female,c,mass communication,yellow,elegant,up
seniors,male,b,computer science,red,elegant,up
youth,male,b,sales,green,complex,right
youth,male,b,mechanic,brown,cartoonish,left
youth,male,c,mechanic,purple,elegant,down
adults,male,a,computer science,brown,cartoonish,left
youth,male,b,education,red,simple,down
youth,female,b,cinema,pink,elegant,left
seniors,male,a,mechanic,white,complex,left
adults,male,a,restaurants,pink,cartoonish,down
youth,male,c,police,orange,cartoonish,down
seniors,female,a,weather,orange,complex,left
seniors,female,a,mass communication,orange,elegant,down
children,female,c,enviroment,yellow,cartoonish,left
seniors,female,c,enviroment,black,simple,up
seniors,male,b,police,pink,cartoonish,up
youth,female,b,mechanic,purple,cartoonish,up
adults,female,b,computer science,black,elegant,right
adults,male,a,restaurants,purple,cartoonish,left
children,female,c,cinema,black,simple,up
youth,male,c,sales,black,elegant,up
youth,female,b,medical,white,elegant,right
adults,male,a,cinema,black,elegant,right
youth,male,b,cinema,pink,simple,down
seniors,male,b,engineer,blue,elegant,left
youth,female,a,education,yellow,cartoonish,down
seniors,female,b,police,white,simple,up
seniors,male,a,cinema,yellow,cartoonish,down
adults,female,c,restaurants,purple,elegant,down
seniors,female,b,engineer,white,elegant,down
youth,female,c,police,red,cartoonish,right
youth,male,a,medical,black,complex,up
seniors,male,b,mechanic,blue,complex,up
seniors,male,b,sales,red,complex,up
seniors,female,a,medical,red,simple,up
seniors,female,a,medical,pink,simple,right
youth,female,b,education,red,simple,down
youth,female,a,police,yellow,complex,up
seniors,female,c,medical,brown,simple,up
seniors,female,a,sales,black,elegant,down
seniors,female,c,mass communication,black,cartoonish,up
children,male,b,enviroment,yellow,elegant,right
youth,female,a,police,pink,elegant,left
children,male,a,education,blue,cartoonish,down
youth,female,c,sales,brown,cartoonish,right
adults,male,b,mass communication,white,elegant,up
youth,female,b,engineer,black,simple,right
seniors,female,b,medical,black,elegant,down
seniors,female,b,computer science,purple,elegant,left
seniors,female,b,mechanic,white,complex,left
adults,male,a,engineer,black,complex,down
youth,female,a,mechanic,green,simple,up
children,female,b,computer science,orange,complex,down
seniors,male,c,restaurants,red,complex,down
youth,male,b,education,purple,complex,down
youth,female,b,restaurants,orange,elegant,up
youth,male,a,weather,orange,simple,left
seniors,male,a,sales,white,simple,right
children,male,a,cinema,black,elegant,left
youth,male,b,medical,orange,simple,down
children,male,a,education,green,elegant,right
seniors,male,c,medical,brown,simple,up
children,female,c,medical,blue,complex,left
adults,male,c,education,red,cartoonish,right
seniors,female,a,restaurants,purple,complex,up
adults,female,b,computer science,green,complex,down
adults,female,a,mass communication,pink,complex,right
adults,female,a,engineer,pink,elegant,up
youth,female,c,restaurants,blue,cartoonish,up
seniors,male,c,mechanic,yellow,cartoonish,up
seniors,female,b,engineer,white,elegant,up
adults,male,b,medical,green,elegant,down
youth,male,c,computer science,yellow,elegant,right
seniors,male,a,restaurants,green,elegant,right
seniors,female,b,restaurants,white,elegant,left
seniors,male,c,education,black,elegant,right
children,female,a,mass communication,purple,elegant,down
youth,female,b,cinema,white,simple,down
seniors,male,a,engineer,black,complex,down
adults,male,b,mechanic,yellow,elegant,down
seniors,female,b,medical,brown,simple,right
adults,male,b,mass communication,purple,complex,up
adults,female,a,engineer,purple,cartoonish,left
youth,female,c,restaurants,brown,cartoonish,left
seniors,female,b,engineer,brown,elegant,up
children,female,a,engineer,orange,simple,left
adults,female,c,sales,brown,cartoonish,left
seniors,female,c,computer science,black,simple,down
youth,female,b,mass communication,pink,complex,right
adults,female,a,sales,pink,elegant,left
children,female,a,police,black,cartoonish,up
seniors,male,a,cinema,green,simple,down
adults,female,c,education,green,complex,right
youth,female,b,engineer,orange,elegant,left
seniors,female,c,computer science,pink,simple,right
adults,male,c,mechanic,black,simple,right
youth,female,b,weather,black,cartoonish,right
adults,female,b,mechanic,orange,simple,down
adults,male,c,restaurants,yellow,complex,up
adults,male,a,computer science,pink,cartoonish,down
children,male,b,computer science,brown,elegant,down
children,male,b,sales,yellow,complex,up
seniors,female,b,engineer,orange,complex,left
youth,female,c,mechanic,green,elegant,up
adults,male,b,medical,brown,complex,right
adults,female,b,restaurants,white,complex,left
seniors,male,b,mass communication,orange,cartoonish,up
adults,female,b,weather,brown,elegant,down
children,male,b,restaurants,green,cartoonish,down
youth,male,a,engineer,green,cartoonish,down
youth,male,c,mechanic,black,simple,left
seniors,male,b,sales,yellow,cartoonish,down
youth,male,a,sales,black,complex,right
adults,female,a,weather,white,simple,down
youth,female,c,sales,brown,elegant,right
youth,female,a,mass communication,red,cartoonish,up
adults,male,c,enviroment,red,complex,right
seniors,female,c,police,orange,complex,left
adults,female,c,police,orange,complex,left
adults,female,a,restaurants,white,cartoonish,left
youth,female,c,engineer,red,complex,up
adults,male,b,mass communication,green,cartoonish,right
youth,male,c,mechanic,black,complex,right
youth,female,b,medical,orange,complex,down
seniors,male,b,weather,black,simple,right
children,male,b,sales,white,simple,down
children,female,c,computer science,yellow,elegant,down
children,male,c,mass communication,purple,cartoonish,right
children,female,a,cinema,yellow,complex,down
adults,male,a,mechanic,green,elegant,up
adults,male,a,medical,purple,elegant,right
adults,male,c,weather,blue,cartoonish,up
seniors,female,a,medical,yellow,cartoonish,down
youth,female,c,computer science,purple,elegant,down
seniors,female,a,enviroment,purple,elegant,down
seniors,female,c,mechanic,white,simple,down
adults,male,a,cinema,black,complex,right
children,male,b,computer science,blue,cartoonish,down
seniors,male,c,police,yellow,complex,right
adults,female,c,mechanic,brown,cartoonish,right
youth,female,c,enviroment,pink,complex,up
seniors,female,c,mass communication,black,elegant,up
adults,male,b,engineer,red,elegant,up
youth,female,c,education,yellow,complex,down
adults,female,a,police,orange,simple,up
youth,male,b,enviroment,red,elegant,down
seniors,male,b,mechanic,black,elegant,up
children,female,b,education,blue,cartoonish,left
seniors,male,b,sales,purple,cartoonish,right
seniors,female,c,weather,green,complex,right
youth,female,b,weather,brown,elegant,up
adults,male,b,enviroment,yellow,cartoonish,left
adults,female,b,sales,pink,complex,down
children,female,c,education,pink,cartoonish,left
children,female,b,weather,yellow,elegant,up
youth,male,c,medical,red,elegant,down
children,female,b,engineer,black,simple,up
adults,male,c,mechanic,yellow,cartoonish,left
adults,male,b,education,blue,cartoonish,up
seniors,female,b,engineer,red,cartoonish,up
children,female,a,restaurants,green,simple,down
adults,male,a,enviroment,yellow,cartoonish,down
adults,female,b,sales,purple,elegant,up
children,female,a,police,yellow,cartoonish,down
adults,female,c,education,purple,complex,down
adults,female,b,enviroment,green,cartoonish,left
seniors,female,b,enviroment,green,simple,left
youth,female,b,sales,green,cartoonish,down
children,male,b,weather,pink,complex,right
children,female,b,weather,yellow,simple,down
seniors,male,a,medical,black,cartoonish,down
seniors,male,b,mechanic,yellow,simple,up
adults,male,c,restaurants,yellow,cartoonish,up
youth,male,b,education,purple,cartoonish,down
adults,female,a,weather,brown,simple,down
youth,male,c,medical,blue,elegant,right
seniors,female,c,mechanic,pink,elegant,down
seniors,female,c,police,black,elegant,right
seniors,female,a,mechanic,black,elegant,up
youth,female,c,education,green,complex,down
youth,female,a,enviroment,black,cartoonish,down
youth,male,b,medical,black,simple,right
youth,male,c,sales,purple,elegant,left
youth,male,b,mechanic,red,cartoonish,right
children,female,c,restaurants,green,cartoonish,left
children,male,a,mechanic,purple,elegant,down
seniors,female,b,police,black,elegant,down
adults,male,a,restaurants,black,cartoonish,right
youth,male,c,cinema,green,simple,down
children,male,c,police,red,simple,down
adults,male,a,computer science,black,cartoonish,left
seniors,female,b,mechanic,red,elegant,left
youth,female,b,computer science,pink,cartoonish,left
youth,male,b,enviroment,orange,simple,left
youth,female,c,weather,pink,complex,up
youth,male,b,sales,white,elegant,left
youth,male,c,enviroment,yellow,elegant,up
youth,female,c,sales,blue,cartoonish,down
adults,female,c,restaurants,red,cartoonish,up
children,male,a,education,yellow,complex,right
children,female,c,weather,brown,complex,down
children,female,b,cinema,green,simple,up
adults,male,c,cinema,orange,complex,down
seniors,male,c,mass communication,yellow,cartoonish,left
adults,female,c,weather,red,complex,up
seniors,female,b,police,orange,complex,right
children,male,c,weather,orange,complex,down
youth,female,c,weather,orange,elegant,down
seniors,female,c,restaurants,yellow,complex,up
children,female,c,police,brown,cartoonish,right
adults,female,c,sales,orange,cartoonish,down
adults,male,a,sales,blue,complex,up
seniors,male,a,education,purple,complex,left
children,male,a,enviroment,orange,simple,down
children,male,b,enviroment,yellow,cartoonish,right
adults,female,c,sales,purple,complex,up
youth,male,a,weather,yellow,elegant,down
seniors,male,a,police,blue,complex,right
children,male,b,police,orange,complex,left
seniors,female,c,medical,pink,cartoonish,up
youth,female,a,restaurants,green,simple,down
seniors,female,c,sales,green,elegant,right
youth,female,a,mechanic,purple,cartoonish,right
adults,male,c,police,white,elegant,left
seniors,male,a,restaurants,yellow,elegant,right
youth,female,c,engineer,brown,complex,left
adults,female,c,cinema,orange,simple,up
youth,female,a,police,pink,cartoonish,right
adults,male,a,education,pink,cartoonish,down
children,female,b,mechanic,purple,simple,down
children,female,c,weather,orange,elegant,right
adults,male,a,mechanic,green,complex,down
youth,male,b,mechanic,red,elegant,up
youth,female,b,cinema,green,simple,left
children,male,b,education,pink,simple,up
children,male,a,mechanic,white,complex,down
children,male,b,restaurants,red,simple,up
seniors,male,b,education,white,simple,right
adults,male,a,restaurants,brown,complex,left
children,female,a,engineer,purple,simple,down
adults,male,a,education,red,complex,up
adults,female,c,weather,purple,simple,left
children,female,c,enviroment,purple,cartoonish,left
children,female,a,restaurants,yellow,simple,left
seniors,male,a,computer science,yellow,elegant,left
adults,male,b,education,green,simple,up
seniors,male,c,engineer,yellow,complex,right
children,male,c,mass communication,brown,cartoonish,left
youth,female,b,enviroment,pink,elegant,down
seniors,female,b,weather,pink,simple,left
youth,male,a,enviroment,pink,cartoonish,down
children,female,a,cinema,yellow,elegant,left
youth,male,c,medical,orange,simple,right
children,female,a,enviroment,black,elegant,left
seniors,female,b,education,yellow,complex,right
youth,male,b,cinema,white,simple,left
children,male,a,education,brown,elegant,up
seniors,female,b,sales,brown,cartoonish,down
youth,male,c,computer science,pink,elegant,left
children,female,c,mass communication,green,complex,left
seniors,male,b,computer science,black,cartoonish,down
youth,female,c,mechanic,pink,elegant,right
youth,male,a,engineer,brown,elegant,up
children,female,c,education,brown,cartoonish,down
adults,male,a,enviroment,purple,complex,left
seniors,male,b,mass communication,brown,simple,down
seniors,male,b,police,pink,cartoonish,left
seniors,female,c,cinema,blue,elegant,up
children,female,a,restaurants,white,complex,down
seniors,male,b,restaurants,blue,simple,left
youth,female,c,engineer,yellow,simple,up
children,female,b,cinema,brown,complex,up
seniors,male,a,mechanic,purple,elegant,down
children,male,b,computer science,white,simple,up
youth,male,b,restaurants,green,elegant,left
adults,female,b,weather,blue,elegant,right
youth,female,c,police,orange,cartoonish,left
seniors,female,b,medical,orange,elegant,left
youth,female,a,weather,purple,elegant,right
seniors,male,b,computer science,green,elegant,left
adults,male,c,engineer,orange,simple,left
adults,female,c,medical,white,complex,left
youth,male,a,medical,yellow,cartoonish,down
children,male,a,sales,pink,elegant,up
children,female,b,education,yellow,elegant,left
seniors,male,b,cinema,black,elegant,up
adults,female,a,engineer,red,elegant,left
seniors,female,c,police,white,elegant,right
seniors,female,a,education,blue,elegant,left
adults,female,a,enviroment,blue,complex,right
youth,male,b,education,yellow,simple,down
seniors,male,b,education,green,cartoonish,left
youth,male,b,restaurants,brown,cartoonish,up
adults,female,b,restaurants,yellow,cartoonish,right
seniors,female,c,enviroment,pink,elegant,down
children,male,a,enviroment,pink,elegant,down
adults,female,a,computer science,green,complex,up
adults,male,b,engineer,brown,simple,left
seniors,female,c,computer science,pink,complex,left
youth,male,a,cinema,white,elegant,right
seniors,female,a,medical,green,cartoonish,down
youth,male,a,cinema,black,complex,right
adults,female,b,education,yellow,cartoonish,down
children,male,c,restaurants,red,cartoonish,left
seniors,male,a,medical,blue,complex,left
children,female,b,medical,pink,simple,left
adults,female,b,computer science,orange,complex,right
youth,male,c,medical,green,simple,up
children,male,c,education,purple,complex,down
children,male,a,restaurants,purple,complex,down
children,female,a,cinema,brown,complex,right
seniors,male,c,medical,black,cartoonish,left
seniors,female,c,sales,green,simple,left
adults,male,b,engineer,red,elegant,left
youth,male,a,police,black,elegant,down
youth,male,a,medical,pink,complex,down
youth,male,b,engineer,green,cartoonish,down
adults,male,a,police,brown,simple,right
youth,female,a,education,blue,elegant,right
adults,female,b,mechanic,white,elegant,up
adults,female,a,weather,blue,simple,right
seniors,male,c,education,red,complex,down
youth,male,c,medical,white,elegant,left
children,female,c,medical,green,elegant,left
children,male,a,mechanic,red,elegant,left
seniors,male,a,engineer,orange,simple,up
youth,male,c,medical,black,cartoonish,right
adults,female,a,sales,white,elegant,right
children,female,c,computer science,black,cartoonish,down
seniors,female,a,weather,pink,complex,right
adults,female,a,medical,yellow,elegant,right
youth,female,a,engineer,brown,simple,up
adults,female,b,computer science,blue,elegant,down
youth,male,c,medical,green,complex,up
seniors,male,a,mass communication,black,cartoonish,down
youth,female,b,mechanic,orange,elegant,right
adults,female,c,education,brown,simple,left
adults,female,c,engineer,brown,elegant,up
youth,female,a,weather,brown,elegant,right
youth,female,b,medical,blue,simple,up
seniors,male,c,enviroment,white,simple,down
adults,male,b,medical,black,complex,down
youth,male,c,education,yellow,simple,left
seniors,female,b,police,pink,elegant,right
youth,female,b,mass communication,white,simple,left
children,male,b,enviroment,white,simple,right
children,male,b,engineer,orange,cartoonish,left
youth,female,c,computer science,black,simple,down
youth,male,c,enviroment,green,complex,left
adults,male,a,mass communication,green,complex,right
youth,female,b,engineer,white,simple,right
seniors,male,a,mass communication,red,elegant,up
seniors,male,b,sales,blue,elegant,left
youth,female,c,mechanic,white,simple,down
youth,female,c,engineer,green,elegant,down
adults,female,c,medical,pink,elegant,left
youth,female,b,sales,yellow,elegant,right
adults,female,c,medical,green,cartoonish,left
seniors,male,a,medical,orange,cartoonish,down
seniors,male,b,weather,orange,elegant,left
adults,female,b,computer science,pink,cartoonish,down
seniors,female,a,engineer,white,simple,down
